column1;column2;column3;column4;column5;column6;column7;column8
row11;row21;row31;row41;row51;row61;row71;row81
row12;row22;row32;row42;row52;row62;row72;row82
row13;row23;row33;row43;row53;row63;row73;row83
row14;row24;row34;row44;row54;row64;row74;row84
row15;row25;row35;row45;row55;row65;row75;row85
row16;row26;row36;row46;row56;row66;row76;row86
row17;row27;row37;row47;row57;row67;row77;row87
row18;row28;row38;row48;row58;row68;row78;row88
row19;row29;row39;row49;row59;row69;row79;row89
row20;row30;row40;row50;row60;row70;row80;row90
row21;row31;row41;row51;row61;row71;row81;row91
row22;row32;row42;row52;row62;row72;row82;row92
row23;row33;row43;row53;row63;row73;row83;row93
row24;row34;row44;row54;row64;row74;row84;row94
row25;row35;row45;row55;row65;row75;row85;row95
row26;row36;row46;row56;row66;row76;row86;row96
row27;row37;row47;row57;row67;row77;row87;row97
row28;row38;row48;row58;row68;row78;row88;row98
row29;row39;row49;row59;row69;row79;row89;row99
row30;row40;row50;row60;row70;row80;row90;row100
row31;row41;row51;row61;row71;row81;row91;row101
row32;row42;row52;row62;row72;row82;row92;row102
row33;row43;row53;row63;row73;row83;row93;row103
row34;row44;row54;row64;row74;row84;row94;row104
row35;row45;row55;row65;row75;row85;row95;row105
row36;row46;row56;row66;row76;row86;row96;row106
row37;row47;row57;row67;row77;row87;row97;row107
row38;row48;row58;row68;row78;row88;row98;row108
row39;row49;row59;row69;row79;row89;row99;row109
row40;row50;row60;row70;row80;row90;row100;row110
row41;row51;row61;row71;row81;row91;row101;row111
row42;row52;row62;row72;row82;row92;row102;row112
row43;row53;row63;row73;row83;row93;row103;row113
row44;row54;row64;row74;row84;row94;row104;row114
row45;row55;row65;row75;row85;row95;row105;row115
row46;row56;row66;row76;row86;row96;row106;row116
row47;row57;row67;row77;row87;row97;row107;row117
row48;row58;row68;row78;row88;row98;row108;row118
row49;row59;row69;row79;row89;row99;row109;row119
row50;row60;row70;row80;row90;row100;row110;row120
row51;row61;row71;row81;row91;row101;row111;row121
row52;row62;row72;row82;row92;row102;row112;row122
row53;row63;row73;row83;row93;row103;row113;row123
row54;row64;row74;row84;row94;row104;row114;row124
row55;row65;row75;row85;row95;row105;row115;row125
row56;row66;row76;row86;row96;row106;row116;row126
row57;row67;row77;row87;row97;row107;row117;row127
row58;row68;row78;row88;row98;row108;row118;row128
row59;row69;row79;row89;row99;row109;row119;row129
row60;row70;row80;row90;row100;row110;row120;row130
row61;row71;row81;row91;row101;row111;row121;row131
row62;row72;row82;row92;row102;row112;row122;row132
row63;row73;row83;row93;row103;row113;row123;row133
row64;row74;row84;row94;row104;row114;row124;row134
row65;row75;row85;row95;row105;row115;row125;row135
row66;row76;row86;row96;row106;row116;row126;row136
row67;row77;row87;row97;row107;row117;row127;row137
row68;row78;row88;row98;row108;row118;row128;row138
row69;row79;row89;row99;row109;row119;row129;row139
row70;row80;row90;row100;row110;row120;row130;row140
row71;row81;row91;row101;row111;row121;row131;row141
row72;row82;row92;row102;row112;row122;row132;row142
row73;row83;row93;row103;row113;row123;row133;row143
row74;row84;row94;row104;row114;row124;row134;row144
row75;row85;row95;row105;row115;row125;row135;row145
row76;row86;row96;row106;row116;row126;row136;row146
row77;row87;row97;row107;row117;row127;row137;row147
row78;row88;row98;row108;row118;row128;row138;row148
row79;row89;row99;row109;row119;row129;row139;row149
row80;row90;row100;row110;row120;row130;row140;row150
row81;row91;row101;row111;row121;row131;row141;row151
row82;row92;row102;row112;row122;row132;row142;row152
row83;row93;row103;row113;row123;row133;row143;row153
row84;row94;row104;row114;row124;row134;row144;row154